{
  "mean": 0.5350831494268246,
  "std": 0.25123190098407105
}